Date,Track,DJ,Show / Station,Episode / Venue,Notes
1994,Soundsation - Peace & Joy,Jeremy Healy,Sugar Shack,—,Original database
1994,Soundsation - Peace & Joy,Jon Pleased Wimmin,Up For It!,—,Original database
1994,Soundsation - Peace & Joy (White Label),Boy George & Jon Pleased Wimmin,Pimp,—,Original database
"Aug 13, 1994",Soundsation - Peace & Joy,Tony De Vit,Essential Mix,—,Original database
"Aug 27, 1994",Soundsation - Peace & Joy,Paul Oakenfold,20 Years Birthday,—,Original database
"Aug 27, 1994",Soundsation - Peace & Joy,Stu Allan,Fantazia Club Tour,—,Original database
"Nov 5, 1994",Soundsation - Peace & Joy,Sasha & Ann Savage,Ark,—,Original database
"Apr 1, 1995",Soundsation - Peace & Joy,Adam Brewer & Nipper,April Fools Party,—,Original database
1996,Soundsation - Do You Feel It,Sasha & John E,Better Days Productions – Good Life,—,Original database
1996,Soundsation - Do You Feel It,Dave Seaman & Ian Ossia,Renaissance: The Mix Collection Part 4,—,Original database
"Jun 15, 1996",Soundsation - Do You Feel It,Sasha,Cream,—,Original database
"Sep 14, 1996",Soundsation - Do You Feel It,Chris Fortier & Dave Cannalte,Simon's,—,Original database
Nov 1996,Soundsation - Do You Feel It,Dave Seaman,Kiss Galaxy November Mix,—,Original database
"Jan 21, 1997",Soundsation - Do You Feel It,Dave Seaman,Soundfiles,—,Original database
"Feb 7, 1997",Soundsation - Do You Feel It,Pete Tong,Essential Selection,—,Original database
"Jul 11, 1999",Soundstation - New Direction (Lunn & Latham Instrumental),DJ Philip,Carat,—,Original database
"Sep 5, 1999",Soundstation - New Direction (Lunn & Latham Mix),DJ Philip,Carat,—,Original database
"Sep 15, 1999",Soundstation - New Direction (Lunn & Latham Mix),DJ Philip,Carat,—,Original database
"Jul 7, 2001",Lunn & Latham - Starkiller,"Hardy Heller, Ulli Brenner & Tom Wax",Sound Of Frankfurt – Clubnight,—,Original database
200X,Soundsation - Peace & Joy,Robbie Nelson,The Arena,—,Original database
"Mar 12, 2008",Royal Sapien - Do You Feel It (Android Cartel Remix),Royal Sapien,Royal Sounds,—,Original database
"Sep 19, 2008",Simon Latham - On Fire (Chillout Bootleg Mix Down),Royal Sapien,Royal Sounds,—,Original database
"Mar 20, 2009",Royal Sapien - Do You Feel It (DnB Remix),Royal Sapien,Royal Sounds,—,Original database
"Oct 1, 2009",DJ Eco ft. Simon Latham - What Do You See (Ashley Wallbridge Remix),Andy Moor,A State Of Trance,424,Original database
"Oct 8, 2009",DJ Eco ft. Simon Latham - What Do You See (Ashley Wallbridge Dub),Gareth Emery,Gareth Emery Podcast,089,Original database
"Nov 13, 2009",DJ Eco ft. Simon Latham - What Do You See (Ashley Wallbridge Remix),Matamar & Ashley Wallbridge,Language Of Trance,031,Original database
"Nov 20, 2009",DJ Eco ft. Simon Latham - What Do You See (Ashley Wallbridge Dub),tyDi,Global Soundsystem,003,Original database
"Nov 26, 2009",Ingi & Simon Latham - Lead Me On (Royal Sapien Remix),Eelke Kleijn,Outside The Box,046,Original database
"Nov 29, 2010",Espen Lorentzen ft. Simon Latham - Heart (Tu Casa Dub),Sean Tyas,Tytanium Sessions,071,Original database
"Dec 12, 2010",Espen Lorentzen ft. Simon Latham - Heart (Tu Casa Dub),Jorn van Deynhoven,A State of Sundays,014,Original database
"Feb 4, 2011",Espen Lorentzen ft. Simon Latham - Heart (Tu Casa Dub),Roger Shah,Music For Balearic People,143,Original database
"Jul 7, 2011",Latham & Quano - Point Of Impact (First Effect Remix),Giuseppe Ottaviani,Trance Evolution Highlights,74,Added from later research
"Jul 11, 2011",Latham & Quano - Point Of Impact (Oliver V Lost His Faith Remix),Pedro del Mar,Mellomania Deluxe,495,Added from later research
"Jul 23, 2011",Latham & Quano - Point Of Impact (Oliver V Lost His Faith Remix),Thadeas & DJ Shaine,Language Of Trance,115,Added from later research
Aug 2011,Latham & Quano - Point Of Impact (Oliver V Lost His Faith Remix),Kyau & Albert,Euphonic Sessions,August 2011,Added from later research
"Jan 28, 2012",Maksim Palmaxs ft. Simon Latham - Falling,Michal Poliak,Radio Evropa 2,Dance eXXtravaganza,Original database
"Apr 2, 2012",Maksim Palmaxs ft. Simon Latham - Falling,Paul Oakenfold,Planet Perfecto,74,Original database
"Aug 17, 2012",Espen Lorentzen ft. Simon Latham - Heart (Tu Casa Dub),Daniel Kandi,Always Alive,—,Original database
"Dec 17, 2012",Latham & Quano - Fallen Angel,Eugene Kush,The Way To Eden (DI.FM),175,Added from later research
"Sep 24, 2013",Vitodito ft. Simon Latham - The Days Our Lives Turned,Paul Oakenfold,Full On Fluoro,029,Original database
"Apr 11, 2014",Colonial One ft. Simon Latham - Freedom,Giuseppe Ottaviani,GO On Air,088,Original database
"Apr 13, 2014",Colonial One ft. Simon Latham - Freedom (Ultimate Remix),Defcon Audio,Defcontamination,062,Original database
"Apr 14, 2014",Colonial One ft. Simon Latham - Freedom,Pedro Del Mar,Mellomania Deluxe,639,Original database
"Apr 14, 2014",Colonial One ft. Simon Latham - Freedom (Ultimate Remix),ReOrder,In Trance I Believe,224,Original database
"Apr 15, 2014",Colonial One ft. Simon Latham - Freedom (Ultimate Remix),Bryan Kearney,Kearnage,053,Original database
"Apr 16, 2014",Colonial One ft. Simon Latham - Freedom,Aimoon,Perfect Euphoria,009,Original database
"Apr 16, 2014",Colonial One ft. Simon Latham - Freedom,Steve Anderson,SAME Radio Show,279,Original database
"Apr 18, 2014",Colonial One ft. Simon Latham - Freedom,"Extravagance SL, Alex M.O.R.P.H. & Woody van Eyden",HeavensGate,403,Original database
"Apr 19, 2014",Colonial One ft. Simon Latham - Freedom,Colonial One,Supernova Sessions,035,Original database
"Apr 20, 2014",Colonial One ft. Simon Latham - Freedom (Ultimate Remix),Veselin Tasev,Digital Trance World,313,Original database
"Apr 21, 2014",Colonial One ft. Simon Latham - Freedom (Ultimate Remix),Aly & Fila,Future Sound Of Egypt,337,Original database
"Apr 21, 2014",Colonial One ft. Simon Latham - Freedom (Ultimate Remix),Dave Cold,Icy Trance Sessions,037,Original database
"Apr 21, 2014",Colonial One ft. Simon Latham - Freedom (Ultimate Remix),DJ Feel,Trancemission Radio,—,Original database
"Apr 21, 2014",Colonial One ft. Simon Latham - Freedom (Ultimate Remix),Falcon,In Flight With Falcon,006,Original database
"Apr 21, 2014",Colonial One ft. Simon Latham - Freedom (Ultimate Remix),Ronny K.,Trance4Nations,066,Original database
"Apr 22, 2014",Colonial One ft. Simon Latham - Freedom,Colonial One,The Last Colonies,047,Original database
"Apr 24, 2014",Colonial One ft. Simon Latham - Freedom (Ultimate Remix),DJ Feel,Trancemission Radio,—,Original database
"May 5, 2014",Colonial One ft. Simon Latham - Freedom,Pedro Del Mar,Mellomania Vocal Trance Anthems,312,Original database
"May 5, 2014",Colonial One ft. Simon Latham - Freedom (Ultimate Remix),DJ Feel,Trancemission Radio,—,Original database
"May 7, 2014",Colonial One ft. Simon Latham - Freedom (Ultimate Remix),Bobina,Russia Goes Clubbing,291,Original database
"May 15, 2014",Colonial One ft. Simon Latham - Freedom,Peter Hulsmans & Suzy Solar,Solar Power Sessions,657,Original database
"May 26, 2014",Colonial One ft. Simon Latham - Freedom (Ultimate Remix),Dan Reitar,Uplifting Moment,070,Original database
"Jun 2, 2014",Ari Kyle & Audioscape ft. Simon Latham - Never Far,Roger Shah,In Search of Sunrise 12: Dubai,—,Original database
"Jun 7, 2014",Colonial One ft. Simon Latham - Freedom (Ultimate Remix),BluEye,Language Of Trance,259,Original database
"Jun 23, 2014",Colonial One ft. Simon Latham - Freedom (Ultimate Remix),Dan Reitar,Uplifting Moment,071,Original database
"Jun 27, 2014",Ari Kyle & Audioscape ft. Simon Latham - Never Far,Roger Shah,Music For Balearic People,319,Original database
"Jun 28, 2014",Colonial One ft. Simon Latham - Freedom (Ultimate Remix),Ultimate,Infrasonic Podcast,008,Original database
"Jun 30, 2014",Ari Kyle & Audioscape ft. Simon Latham - Never Far (MI5 Edit),Pedro Del Mar,Mellomania Deluxe,650,Original database
"Jul 18, 2014",Ari Kyle & Audioscape ft. Simon Latham - Never Far,Roger Shah,Music For Balearic People,322,Original database
"Jul 18, 2014",Hanski ft. Simon Latham - A Better Way,Judge Jules & Andrew Stets,Global Warmup,541,Original database
"Jul 21, 2014",Colonial One ft. Simon Latham - Freedom (Ultimate Dub),Aly & Fila,Future Sound Of Egypt,350,Original database
"Jul 23, 2014",Colonial One ft. Simon Latham - Freedom (Original Dub),Misja Helsloot,All Exclusive 076,Week 30,Original database
"Jul 25, 2014",Ari Kyle & Audioscape ft. Simon Latham - Never Far (Rocking J),Giuseppe Ottaviani,Go On Air,102,Original database
"Jul 25, 2014",Hanski ft. Simon Latham - A Better Way,Judge Jules & Lange,Global Warmup,542,Original database
"Jul 28, 2014",Andy Woldman & Denis Sender ft. Simon Latham - Dreams,Pedro Del Mar,Mellomania Deluxe,654,Original database
"Jul 31, 2014",Hanski ft. Simon Latham - A Better Way (Aku & Ghazaly Remix),M.I.K.E. Push,Club Elite Sessions,368,Original database
"Aug 1, 2014",Ari Kyle & Audioscape ft. Simon Latham - Never Far (Rocking J),Giuseppe Ottaviani,GO On Air,102,Original database
"Aug 1, 2014",Andy Woldman & Denis Sender ft. Simon Latham - Dreams,Roger Shah,Music For Balearic People,324,Original database
"Aug 1, 2014",Hanski ft. Simon Latham - A Better Way,Judge Jules & KhoMha,Global Warmup,543,Original database
"Aug 1, 2014",Colonial One ft. Simon Latham - Freedom (Ultimate Dub),Cold Rush,Two Hour Rush,003,Original database
"Aug 2, 2014",Colonial One ft. Simon Latham - Freedom,Anna Lee,Club Styles,093,Original database
"Aug 4, 2014",Ari Kyle & Audioscape ft. Simon Latham - Never Far (Rocking J),Pedro Del Mar,Mellomania Deluxe,655,Original database
"Aug 4, 2014",Andy Woldman & Denis Sender ft. Simon Latham - Dreams,Pedro Del Mar,Mellomania Vocal Trance Anthems,325,Original database
"Aug 7, 2014",Ari Kyle & Audioscape ft. Simon Latham - Never Far,Mark Sixma & Andy Moor,Sounds Of Elysium,049,Original database
"Aug 7, 2014",Colonial One ft. Simon Latham - Freedom (Ultimate Dub),DJ Feel,Trancemission Radio,—,Original database
"Aug 9, 2014",Colonial One ft. Simon Latham - Freedom (Ultimate Dub),TrancEye,Pure Energy Sessions,039,Original database
"Aug 10, 2014",Colonial One ft. Simon Latham - Freedom (Ultimate Remix),DJ Pusher,San Francisco Underground,258,Original database
"Aug 11, 2014",Ari Kyle & Audioscape ft. Simon Latham - Never Far,Pedro Del Mar,Mellomania Deluxe,656,Original database
"Aug 11, 2014",Colonial One ft. Simon Latham - Freedom (Ultimate Dub),DJ Feel,Trancemission Radio,—,Original database
"Aug 15, 2014",Ari Kyle & Audioscape ft. Simon Latham - Never Far,Roger Shah,Music For Balearic People,326,Original database
"Aug 17, 2014",Colonial One ft. Simon Latham - Freedom (Ultimate Dub),DJ Geri,Trance State,092,Original database
"Aug 18, 2014",Ari Kyle & Audioscape ft. Simon Latham - Never Far,DJ Feel,Trancemission Radio,—,Original database
"Aug 18, 2014",Ari Kyle & Audioscape ft. Simon Latham - Never Far,Pedro Del Mar,Mellomania Vocal Trance Anthems,327,Original database
"Aug 19, 2014",Ari Kyle & Audioscape ft. Simon Latham - Never Far,Alexey Sonar,Intercity,187,Original database
"Aug 20, 2014",Colonial One ft. Simon Latham - Freedom (Ultimate Remix),Ori Uplift & Ayham52,Uplifting Only,80,Original database
"Aug 24, 2014",Colonial One ft. Simon Latham - Freedom,Aimoon & OzzyXPM,XPM Sessions,August,Original database
"Aug 25, 2014",Ari Kyle & Audioscape ft. Simon Latham - Never Far (KoKa Remix),Antillas,A-List Podcast,064,Original database
"Aug 25, 2014",Andy Woldman & Denis Sender ft. Simon Latham - Dreams,Pedro Del Mar,Mellomania Vocal Trance Anthems,328,Original database
"Aug 25, 2014",Colonial One ft. Simon Latham - Freedom (Ultimate Remix),French Skies,WaveCasting,32,Original database
"Aug 28, 2014",Ari Kyle & Audioscape ft. Simon Latham - Never Far,DJ Feel,Trancemission Radio,—,Original database
"Aug 30, 2014",Ari Kyle & Audioscape ft. Simon Latham - Never Far (Rocking J),Roger Shah,Music For Balearic People,328,Original database
"Sep 4, 2014",Pole Folder & Simon Latham - The Bitter Memory,Roger Sanchez,"Roger Sanchez Live (Kumharas, Ibiza)",—,Original database
"Sep 5, 2014",Ari Kyle & Audioscape ft. Simon Latham - Never Far (KoKa Remix),Roger Shah,Music For Balearic People,329,Original database
"Nov 16, 2014",Colonial One ft. Simon Latham - Freedom (Ultimate Remix),DJ Pusher,San Francisco Underground,272,Original database
"Dec 23, 2014",Ari Kyle & Audioscape ft. Simon Latham - Never Far,Pedro Del Mar,Mellomania Vocal Trance Anthems,345,Original database
"Dec 26, 2014",Ari Kyle & Audioscape ft. Simon Latham - Never Far,Roger Shah,Music For Balearic People,345,Original database
"Dec 31, 2014",Colonial One ft. Simon Latham - Freedom,Colonial One,AH.FM End Of Year Countdown,—,Original database
"May 4, 2015",Ari Kyle & Audioscape ft. Simon Latham - Last Day,Pedro Del Mar,Mellomania Deluxe,694,Original database
"May 15, 2015",Ari Kyle & Audioscape ft. Simon Latham - Last Day,Roger Shah,Music For Balearic People,365,Original database
"May 18, 2015",Ari Kyle & Audioscape ft. Simon Latham - Last Day,Pedro Del Mar,Mellomania Vocal Trance Anthems,366,Original database
"May 23, 2015",Ari Kyle & Audioscape ft. Simon Latham - Last Day,Roger Shah,Music For Balearic People,366,Original database
"May 25, 2015",Ari Kyle & Audioscape ft. Simon Latham - Last Day,DJ Feel,Trancemission Radio,—,Original database
"May 30, 2015",Ari Kyle & Audioscape ft. Simon Latham - Last Day,Various DJs,AH.FM 9YAMC,—,Original database
"May 30, 2015",Ari Kyle & Audioscape ft. Simon Latham - Last Day,Roger Shah,Music For Balearic People,367,Original database
"Jun 24, 2015",Ari Kyle & Audioscape ft. Simon Latham - Last Day,Roger Shah,Magic Island Vol. 6,Album Teaser,Original database
"Oct 1, 2015",Colonial One ft. Simon Latham - Freedom (Ultimate Remix),Ultimate & Moonsouls,AH.FM Infrasonic Day,—,Original database
"Dec 22, 2016",Colonial One ft. Simon Latham - Freedom,Illitheas & Ori Uplift,Uplifting Only,202,Original database
"Feb 23, 2017","Thorisson, S. Latham & R. Darry - Here We Are (Mino Safy)",Armin van Buuren,A State Of Trance,802,Original database
"Jun 5, 2017",Colonial One ft. Simon Latham - Freedom,Cyre & Illitheas,Free Yourself,83,Original database
"Mar 31, 2018",Colonial One ft. Simon Latham - Freedom,Illitheas,BamRadio,050,Original database
"Jul 10, 2018",Soren Andrews & Simon Latham - Lost,Soren Andrews,Escape From Silence,204,Original database
"Jul 23, 2018",Soren Andrews & Simon Latham - Lost (Dub Mix),Soren Andrews,Club Family Radioshow,153,Original database
"Jul 29, 2018",Soren Andrews & Simon Latham - Lost (Dub Mix),Soren Andrews,Fly Five-O,550,Original database
"Aug 3, 2018",Soren Andrews & Simon Latham - Lost,Soren Andrews,Rise Above,346,Original database
"Aug 17, 2019",Soren Andrews & Simon Latham - Lost (Dub Mix),Poshout,Poshout @ Z.CITY,—,Original database
"Apr 30, 2021",Colonial One ft. Simon Latham - Freedom (Ultimate Remix),Lazarus,Rise Above,477,Original database